plannerid,avg_solved,avg_total_time
3,1.0,0.041820544
6,1.0,0.07901383
17,1.0,0.26704918
20,1.0,0.30361365
24,1.0,0.30827034
18,1.0,0.44683779
4,1.0,0.515138588
7,1.0,20.027078
9,1.0,20.085623
21,1.0,20.227344
23,1.0,20.287553
5,0.99,20.015236
10,0.98,0.6668142
19,0.96,20.18978
13,0.94,0.71302703
11,0.91,1.17646285
16,0.91,20.760849
14,0.83,20.706466
12,0.79,20.666808
25,0.0,0.94536588
1,0.0,3.0615255
2,0.0,3.1422499
8,0.0,20.036837
22,0.0,20.03962
15,0.0,20.040429
